{
  "timestamp": "2025-12-09T02:55:37.833704",
  "n_runs_per_config": 200,
  "bootstrap_iterations": 10000,
  "configurations": {
    "baseline": {
      "name": "baseline",
      "n_runs": 200,
      "accuracy": {
        "mean": 0.9400869753956794,
        "std": 0.0013240195072873936,
        "median": 0.9399999976158142,
        "min": 0.9373999834060669,
        "max": 0.9441999793052673,
        "ci_95_t": [
          0.9399018929686833,
          0.9402720578226755
        ],
        "ci_95_bootstrap": [
          0.9399039608687163,
          0.9402679732888937
        ]
      },
      "time": {
        "mean": 4.05154372845769,
        "std": 0.024025201477524755,
        "median": 4.056101268172265,
        "min": 3.914761344432831,
        "max": 4.114002886772156,
        "ci_95_t": [
          4.048185286551015,
          4.0549021703643655
        ],
        "ci_95_bootstrap": [
          4.0480310372281965,
          4.054638878861338
        ]
      }
    },
    "hardswish": {
      "name": "hardswish",
      "n_runs": 200,
      "accuracy": {
        "mean": 0.9376274746656418,
        "std": 0.0013902120008887533,
        "median": 0.9376499652862549,
        "min": 0.9334999918937683,
        "max": 0.9411999583244324,
        "ci_95_t": [
          0.9374331393029471,
          0.9378218100283364
        ],
        "ci_95_bootstrap": [
          0.937429461799562,
          0.9378229740262032
        ],
        "vs_baseline": {
          "t_statistic": 18.072261306043732,
          "p_value": 1.0483739180428457e-53,
          "significant": "True",
          "difference": -0.002459500730037645
        }
      },
      "time": {
        "mean": 4.016455469662548,
        "std": 0.015784043488290076,
        "median": 4.012071326196194,
        "min": 4.00120895242691,
        "max": 4.083037986040115,
        "ci_95_t": [
          4.014249045164612,
          4.018661894160483
        ],
        "ci_95_bootstrap": [
          4.014338104022131,
          4.018698404245064
        ],
        "vs_baseline": {
          "t_statistic": 17.21897530244502,
          "p_value": 2.3626162980404495e-48,
          "significant": "True",
          "speedup_percent": 0.8660466515191675
        }
      }
    },
    "lion": {
      "name": "lion",
      "n_runs": 200,
      "accuracy": {
        "mean": 0.9265544754266739,
        "std": 0.0017855741122905081,
        "median": 0.9262999892234802,
        "min": 0.9221999645233154,
        "max": 0.9311999678611755,
        "ci_95_t": [
          0.9263048730692577,
          0.9268040777840901
        ],
        "ci_95_bootstrap": [
          0.9263119626492262,
          0.9268054869547486
        ],
        "vs_baseline": {
          "t_statistic": 85.87838116425849,
          "p_value": 4.214328401261449e-245,
          "significant": "True",
          "difference": -0.013532499969005518
        }
      },
      "time": {
        "mean": 4.124030287100673,
        "std": 0.013195948479531658,
        "median": 4.119956256628036,
        "min": 4.1110446887016305,
        "max": 4.1908029105663305,
        "ci_95_t": [
          4.1221856479864725,
          4.125874926214874
        ],
        "ci_95_bootstrap": [
          4.122301133715659,
          4.12595985596481
        ],
        "vs_baseline": {
          "t_statistic": -37.304806612968896,
          "p_value": 1.8124889740822758e-116,
          "significant": "True",
          "speedup_percent": -1.789109620953706
        }
      }
    }
  }
}